instance ID,fcidump,task_uuid,molecule,charge,multiplicity,num_orbitals,num_electrons,log10_hilbert_space_size,Attempt Result,Calc UUID,CC Wall Time,Virtual Memory Usage (GiB),RSS Memory Usage (GiB),Min DMRG Energy,Max Bond Dimension,DMRG Energy at Max Bond Dimension,CPU Time at Max Bond Dimension (hr),Wall Time at Max Bond Dimension (hr),num_sweeps_at_max_bd,energy,energy_95_ci,extrapolated_bond_dimension,LOG10(extrapolated bond dimension),extrapolated_bond_dimension_lower_bound,extrapolated_bond_dimension_upper_bound,UUID,total_CPU Time at Max Bond Dimension (hr),Sweep Normalized CPU Time at Max Bond Dimension (hr),RSS Memory Usage (GiB) Extrapolated,LOG(NM^3),CPU Time at Max Bond Dimension (hr) Extrapolated,LOG(extrapoklated CPU time),Wall Time at Max Bond Dimension (hr) Extrapolated,RSS Memory Usage (GiB) Chem Accuracy,Sweep Normalized CPU Time at Max Bond Dimension (hr) Extrapolated,RSS Memory Usage (GiB) Extrapolated Lower Bound,RSS Memory Usage (GiB) Extrapolated Upper Bound,CPU Time at Max Bond Dimension (hr) Extrapolated Lower Bound,LOG(CPU time extrapolated lower),CPU Time at Max Bond Dimension (hr) Extrapolated Upper Bound,LOG(CPU time extrapolated upper),Wall Time at Max Bond Dimension (hr) Extrapolated Lower Bound,Wall Time at Max Bond Dimension (hr) Extrapolated Upper Bound,RSS Memory Usage (GiB) Chem Accuracy Lower Bound,RSS Memory Usage (GiB) Chem Accuracy Extrapolated Upper Bound,Sweep Normalized CPU Time at Max Bond Dimension (hr) Extrapolated Lower Bound,Sweep Normalized CPU Time at Max Bond Dimension (hr) Extrapolated Upper Bound,Utility Scale based on number of orbitals,Utility scale based on cost,Utility NPV $,Utility NVP lower bound $,Utility NVP upper bound $
blue_dimer,fcidump.38_1_ts_noncan_0.2_new.46967cfc-d867-40e8-bef0-9655c46cef29,9da97ef6-4bad-4c82-8576-9b8e539a7ba8,1_ts,4,1,18,22,9.579360205,,466245ef-7efa-480e-9724-1dcb4534b820,0.008784722,153.8323288,0.905948639,-2453.382953,115,-2453.382953,0.110291516,0.006161835,12,-2453.38314,2.43325E-05,54,1.73239376,50,60,466245ef-7efa-480e-9724-1dcb4534b820,0.110291516,0.183819194,0.199753968,6.452453785,0.011419047,-1.942370134,0.000637966,0.905948639,0.019031745,0.171256832,0.246609837,0.009064808,-2.0426414,0.015663988,-1.805097662,0.000506438,0.000875125,0.905948639,0.905948639,0.015108013,0.026106646,FALSE,FALSE,0.027348021,0.021709741,0.037514433
blue_dimer,fcidump.39_1_ts_noncan_0.2_new.85d9d818-501e-4a0e-8fd8-c216ab5e3cb5,f20db1b1-86e3-4ddf-96ff-a6d37f331935,1_ts,4,1,22,30,11.06053092,,4ded7042-dd68-4fa9-8e23-56d839c26910,0.020717593,153.907135,1.70079422,-2453.722232,207,-2453.722232,0.466625668,0.017096087,17,-2453.722354,3.05132E-05,84,1.924279286,78,91,4ded7042-dd68-4fa9-8e23-56d839c26910,0.466625668,0.548971374,0.280071974,7.115260539,0.031181388,-1.506104554,0.001142414,1.70079422,0.036683986,0.241490631,0.328695581,0.024965565,-1.602658604,0.039644392,-1.401818235,0.000914681,0.001452479,1.70079422,1.70079422,0.029371253,0.046640462,FALSE,FALSE,0.074677796,0.059791223,0.094946248
blue_dimer,fcidump.42_1_star_noncan_0.2_new.a722dd32-93c7-4fbd-9cf5-f1bf44b2cdae,950da653-13ce-4cd7-95d8-5045ab03d4bc,1_star,4,1,18,22,9.579360205,,9ca331da-b0f6-4bc8-8387-3fffc02d9672,0.015185185,153.9444275,1.829139709,-2452.70556,277,-2452.70556,0.485547767,0.015679766,19,-2452.705784,4.91034E-05,130,2.113943352,117,144,9ca331da-b0f6-4bc8-8387-3fffc02d9672,0.485547767,0.511102912,0.402878457,7.597102562,0.050190637,-1.299377289,0.001620803,1.829139709,0.05283225,0.32633155,0.494324714,0.036588975,-1.436649761,0.068215039,-1.16611987,0.001181566,0.002202864,1.829139709,1.829139709,0.03851471,0.071805304,FALSE,FALSE,0.120203954,0.087628683,0.163371454
blue_dimer,fcidump.43_1_star_noncan_0.2_new.d9707874-28d5-48b6-824e-a2e6c8753437,13821f5c-78a6-485c-9006-a17a234cde9f,1_star,4,1,22,30,11.06053092,,881d2a46-e6b4-4fd5-bce4-b539222bf7ee,0.086643519,163.0500374,12.26819992,-2452.78486,878,-2452.78486,6.750133403,0.198524268,15,-2452.785072,1.51969E-05,404,2.606381365,393,416,881d2a46-e6b4-4fd5-bce4-b539222bf7ee,6.750133403,9.000177871,2.59749394,9.161566776,0.657616806,-0.182027096,0.019340787,12.26819992,0.876822408,2.457971899,2.754092192,0.605349878,-0.217993541,0.717974137,-0.1438912,0.017803595,0.021115922,12.26819992,12.26819992,0.807133171,0.957298849,FALSE,FALSE,1.574957895,1.449781333,1.719510548
blue_dimer,fcidump.46_2_noncan_0.2_new.6bf3207c-664b-4ed3-8e74-82b42e277234,1a013e9f-7eab-4a1b-b486-1d9e2d99e754,2,4,1,19,22,10.34713428,,27360f9a-f72a-49d7-88d4-61bd89d6864b,0.01443287,153.8815651,1.492721558,-2454.211439,228,-2454.211439,0.46663087,0.015584534,26,-2454.211639,5.21818E-05,98,1.991226076,93,103,27360f9a-f72a-49d7-88d4-61bd89d6864b,0.46663087,0.358946823,0.275779044,7.252431828,0.037055029,-1.431152848,0.001237564,1.492721558,0.028503868,0.248356201,0.304637639,0.031667791,-1.499382229,0.04302101,-1.366319401,0.001057641,0.001436815,1.492721558,1.492721558,0.024359839,0.033093084,FALSE,FALSE,0.088744857,0.075842705,0.103033071
blue_dimer,fcidump.47_2_noncan_0.2_new.fb3ecfad-6450-423e-aa58-d5cddab6f0f6,001a0d11-165a-49c5-a334-643023029f40,2,4,1,28,38,14.32700725,,dcd290d7-2b84-4dc1-8495-9ce93fd18d28,0.285115741,166.9815598,16.24045563,-2454.562999,878,-2454.562999,33.80948618,0.999075978,36,-2454.563249,2.34391E-05,389,2.589949601,380,397,dcd290d7-2b84-4dc1-8495-9ce93fd18d28,33.80948618,18.78304788,3.187927089,9.217006835,2.940382483,0.468403827,0.086888795,16.24045563,1.633545824,3.042120206,3.320398362,2.74097966,0.437905813,3.125550665,0.494926543,0.080996408,0.092360546,16.24045563,16.24045563,1.522766478,1.736417036,FALSE,FALSE,7.042062432,6.564503087,7.485530554
blue_dimer,fcidump.48_2_noncan_0.2_new.dc406285-bac1-4b99-afbf-06728b7d699b,1c9508e3-b9fe-44f1-ae58-c6339ef43f47,2,4,1,34,50,16.10504201,,6b92aee0-7d64-45ce-be69-304e9af553cf,0.997673611,179.813549,29.27529907,-2454.619303,878,-2454.619303,96.72643717,2.840936583,46,-2454.62249,0.000176538,2165,3.335457901,2060,2277,6b92aee0-7d64-45ce-be69-304e9af553cf,96.72643717,42.05497268,178.0033231,11.53785262,1450.22486,3.161435346,42.59432042,178.0033231,630.5325478,161.1561002,196.8966694,1249.290118,3.096663305,1687.138497,3.227150735,36.69269852,49.55267265,161.1561002,196.8966694,543.1696164,733.5384771,FALSE,FALSE,3473.212775,2991.984565,4040.60856
blue_dimer,fcidump.40_1_ts_noncan_0.2_new.7db0f859-073f-46af-9325-016a67229a4b,742be33c-0982-4b06-b324-1d86242e28d9,1_ts,4,1,34,50,16.10504201,,05efedcd-ca71-4522-a5b9-8ffeb945fb78,0.439201389,236.3143845,82.72872543,-2454.497321,1600,-2454.497321,357.539369,10.4903118,50,-2454.500249,0.000372583,3510,3.545307116,3116,3964,fc7f0835-f1d5-4140-b2cf-e7e6a48c021f,357.539369,143.0157476,398.1352227,12.16740027,3774.724595,3.576885271,110.7515463,398.1352227,1509.889838,313.7698904,507.7894338,2640.92622,3.421756268,5437.069179,3.735364859,77.48556355,159.5252326,313.7698904,507.7894338,1056.370488,2174.827672,FALSE,FALSE,9040.268201,6324.880327,13021.49664
blue_dimer,fcidump.41_1_ts_noncan_0.2_new.2f0b6ced-7831-4fe0-b95e-ce4d456c9c6b,3b49563d-948a-4ecb-84a0-d3c0c2c0d217,1_ts,4,1,36,50,18.25315442,,b1147cc6-f8d8-4fb3-a037-d6ed92203ccc,0.594537037,241.2891312,88.01108551,-2454.549964,1600,-2454.549964,476.2031611,14.20831821,50,-2454.558708,0.000293998,12580,4.099680641,12251,12920,56916993-bbf3-4cce-91ab-97c1cd024d74,476.2031611,190.4812644,5440.749044,13.85534442,231459.0943,5.364474249,6905.969411,5440.749044,92583.63771,5159.890578,5738.817838,213770.0927,5.329946946,250737.8323,5.399219867,6378.188448,7481.182822,5159.890578,5738.817838,85508.03709,100295.1329,FALSE; BD MAY BE REFINED DOWN,TRUE,554332.4386,511968.2041,600504.0091
blue_dimer,fcidump.44_1_star_noncan_0.2_new.727ab190-e399-4bb6-a9b3-20ae57789bac,765594e5-44ac-41a2-89a7-f2ac03536379,1_star,4,1,34,50,16.10504201,,a847b2fc-f824-4b5c-9bd2-44e1756f94ca,0.512789352,234.121109,78.26404572,-2454.537646,1600,-2454.537646,409.1941495,12.249054,50,-2454.548588,0.000507638,18033,4.256067983,15895,20517,8f28062a-5223-487a-825a-a57927fd84b0,409.1941495,163.6776598,9941.645987,14.29968287,585832.4388,5.767773416,17536.64657,9941.645987,234332.9755,7724.020067,12869.15542,401190.8916,5.603351065,862801.8013,5.935911043,12009.47986,25827.60743,7724.020067,12869.15542,160476.3566,345120.7205,FALSE; BD MAY BE REFINED DOWN,TRUE,1403038.085,960831.226,2066365.239
blue_dimer,fcidump.45_1_star_noncan_0.2_new.e986eb83-6b9d-439e-85ca-a9b931eef4a2,858b9683-fc6c-4ebe-8c33-27f0d848f24f,1_star,4,1,36,50,18.25315442,,a66393b9-d8a6-4e8d-80c2-2563c8dc386d,0.637025463,243.2231941,90.04669189,-2454.574587,1600,-2454.574587,504.3761837,15.22702724,50,-2454.586975,0.000476811,22714,4.356293621,20419,25316,9b5ebb3d-535c-45bb-8c5b-63644257c232,504.3761837,201.7504735,18147.42625,14.62518337,1443030.424,6.159275488,43564.83174,18147.42625,577212.1696,14665.49531,22543.32495,1048330.04,6.020498031,1997928.234,6.300579884,31648.89737,60317.0979,14665.49531,22543.32495,419332.016,799171.2937,FALSE; BD MAY BE REFINED DOWN,TRUE,3455982.477,2510695.678,4784933.743
blue_dimer,fcidump.49_2_noncan_0.2_new.af9d6a83-7898-4c13-80eb-a83a533ebf2d,6713517a-ab65-4381-aae1-0839dcd6c1a0,2,4,1,36,50,18.25315442,,79074323-0867-487d-b3a5-ed33d086465d,0.527013889,238.9031868,85.53662491,-2454.674677,1600,-2454.674677,419.3763951,12.58389848,50,-2454.679202,0.000155546,5742,3.759063188,4913,6739,ad17725d-1ece-4b5d-b3ad-9772364523b9,419.3763951,167.750558,1101.637018,12.83349207,19383.56249,4.287433599,581.6273531,1101.637018,7753.424997,806.5024163,1517.410404,12141.835,4.084284327,31335.05082,4.496030403,364.3305174,940.2462873,806.5024163,1517.410404,4856.733999,12534.02033,FALSE,TRUE,46422.61952,29079.06049,75045.80968
fe_red,fcidump.50_6acme_0.2_old.79e71b3e-6364-4972-b4b3-07841fa8ba97,4970c526-817f-4c04-8d7e-797526d5948d,6acme,0,1,45,68,20.72671129,,96b693e1-15d1-4540-b79a-6f1878517ec7,0.997881944,177.6421547,27.36291885,-2592.685958,659,-2592.685958,95.04645984,2.952859385,55,-2592.687415,0.000135107,910,2.959041392,831,998,96b693e1-15d1-4540-b79a-6f1878517ec7,95.04645984,34.56234903,52.17643209,10.53033669,250.2671677,2.398403879,7.775184433,52.17643209,91.0062428,43.51045661,62.75562742,190.5823918,2.280082773,330.1196117,2.518671326,5.920925464,10.25600317,43.51045661,62.75562742,69.30268794,120.0434952,FALSE,FALSE,599.3767919,456.4348718,790.6192235
fe_red,fcidump.51_6acme_0.2_old.e8f72c80-2fde-4bdc-ac1e-07220942f1c2,d27fb590-4e90-4d5a-bdb8-37fbf22f528b,6acme,0,1,53,74,27.11956872,,8bf8dc58-83a5-4562-8617-bfd4af9be79c,0.99787037,170.4187813,19.79838943,-2592.811659,449,-2592.811659,69.07398218,2.240246993,53,-2592.816536,0.000597154,2234,3.349083169,2024,2471,8bf8dc58-83a5-4562-8617-bfd4af9be79c,69.07398218,26.06565365,490.1212338,11.77152538,8507.950951,3.929824978,275.9347432,490.1212338,3210.547529,402.3075629,599.6290591,6327.133466,3.801206996,11513.13792,4.061193707,205.2052202,373.4006901,402.3075629,599.6290591,2387.597534,4344.580348,TRUE,TRUE,20376.09805,15153.1541,27573.36384
fe_red,fcidump.53_ts56_0.2_old.379a0693-4ac3-4ff0-be33-7be3f6cad84f,d3bcc63c-57ad-4346-8290-e36447186440,ts56,0,1,44,66,20.48166249,,f4d3d5c0-3568-415a-b0b8-87367b1ad290,0.99787037,311.5547676,23.39997864,-2592.703339,599,-2592.703339,94.45319953,2.909057875,63,-2592.707486,0.000293107,2586,3.412628521,2486,2691,f4d3d5c0-3568-415a-b0b8-87367b1ad290,94.45319953,29.98514271,436.1329081,11.88133824,7600.14308,3.880821768,234.0763065,436.1329081,2412.743835,403.0547696,472.2687526,6752.111101,3.82943958,8564.012648,3.9326773,207.9578254,263.7624619,403.0547696,472.2687526,2143.527333,2718.734174,FALSE,TRUE,18201.94562,16170.95333,20510.36288
fe_red,fcidump.56_5_0.2_old.e6671ea9-f0cf-413c-97cb-c8ab6eda9d5e,adecdd92-73c7-416d-90da-b7a3da7ed50b,5,0,1,44,66,20.48166249,,c3776fab-41b5-4f93-a540-5a34ed27b655,0.997858796,310.6583748,32.44409943,-2592.786084,725,-2592.786084,98.30434836,2.890831554,41,-2592.788336,0.000149798,1443,3.159266331,1367,1524,c3776fab-41b5-4f93-a540-5a34ed27b655,98.30434836,47.95334066,128.5264087,11.12125167,775.0999382,2.889357702,22.79332904,128.5264087,378.0975308,115.3444599,143.3605454,658.9678896,2.818864253,913.0900494,2.96051361,19.37823911,26.85119804,115.3444599,143.3605454,321.447751,445.4097802,FALSE,FALSE,1856.323858,1578.193669,2186.802966
fe_red,fcidump.57_5_0.2_old.eb34bf5e-ecd6-4c2a-9eb6-d9bcb507e047,03c70feb-49b8-4113-831a-05e3ae55c66b,5,0,1,54,76,27.4265014,,57cb548d-a577-4d18-b1af-70df2d5c8366,0.226261574,202.7986145,48.1684761,-2592.88387,800,-2592.88387,168.9612433,5.162172226,40,-2592.889783,0.00152952,3738,3.572639297,2756,5162,9bf05d47-3baf-44e3-a98b-fde4a1f03b2a,168.9612433,84.48062166,1051.626513,12.45031165,17235.94211,4.236435027,526.5994728,1051.626513,8617.971056,571.6646786,2005.482762,6908.038915,3.839354775,45391.14482,4.656971136,211.0571982,1386.808611,571.6646786,2005.482762,3454.019458,22695.57241,TRUE,TRUE,41279.1809,16544.3923,108709.4205
fe_red,fcidump.52_6acme_0.2_old.4854c3ff-b3ce-462b-ab8e-0b132cd880d0,a7cd2501-2f67-4fcd-b428-f6620f3596fe,6acme,0,1,58,82,29.38340657,,7f152671-a086-4faa-8c28-3f0aebcf9eca,0.70025463,237.8421669,82.62039566,-2592.875277,1000,-2592.875277,583.9500473,16.45196466,50,-2592.878329,0.000542315,2333,3.367914739,2131,2557,7de92e79-6638-4ee7-99e1-d91bf8fcb725,583.9500473,233.5800189,449.6936427,11.86717221,7415.14955,3.870119914,208.9113254,449.6936427,2966.05982,375.1925186,540.1927193,5651.009626,3.752126047,9762.653649,3.989567882,159.2091843,275.0489252,375.1925186,540.1927193,2260.403851,3905.06146,TRUE,TRUE,17758.89578,13533.87283,23381.04546
fe_red,fcidump.54_ts56_0.2_old.22ab7092-61bb-401f-ac43-912ec10ea48b,41907f9f-923d-49e3-80a9-519962110ae7,ts56,0,1,54,76,27.4265014,,230b1216-4020-41b8-8f38-cb6b3dcf0b72,0.796747685,257.024189,101.9904938,-2592.823028,1200,-2592.823028,658.0460985,18.85451336,50,-2592.825891,0.000202507,2705,3.432167269,2286,3217,859e11b9-5044-425e-ae91-c83131dc99e7,658.0460985,263.2184394,518.2409672,12.02889557,7537.275483,3.877214389,215.9600393,518.2409672,3014.910193,370.1260517,732.9921509,4549.26524,3.657941259,12678.43835,4.103065763,130.3467682,363.266017,370.1260517,732.9921509,1819.706096,5071.375339,TRUE,TRUE,18051.38101,10895.25258,30364.19748
fe_red,fcidump.55_ts56_0.2_old.8a8780b0-a0ba-4b7e-9847-589302123e86,ad9ceeaf-d7be-46b7-95a9-15bfd33f5022,0.000891162,5896,1,55,78,27.72673525,,4d052c14-9312-49be-b6a3-fa7fc9b8ddde,0.837060185,254.9812241,102.3928833,-2592.843317,1200,-2592.843317,689.8322556,19.8129781,50,-2592.850294,0.000891162,5896,3.770557475,4922,7101,743237bd-0e9a-48cb-957b-966b3f19766f,689.8322556,275.9329022,2471.850668,13.05203511,81822.3943,4.912872184,2350.057269,2471.850668,32728.95773,1722.624022,3585.47176,47601.93286,4.677624587,142941.488,5.155158299,1367.196221,4105.485847,1722.624022,3585.471756,19040.77314,57176.59501,TRUE,TRUE,195960.3597,114004.1423,342337.3961
fe_red,fcidump.58_5_0.2_old.5f3178b5-0ad3-469a-ae08-e9ecdc637ed3,0e936335-6370-4587-92f0-02eafaf650ed,5,0,1,55,78,27.72673525,,4fa5562c-efca-487e-b403-d43e5892fdc7,0.839224537,255.8630524,102.6702957,-2592.908469,1200,-2592.908469,692.7174747,19.85770163,50,-2592.911124,0.000612708,2696,3.430719888,2447,2975,518f646e-3bba-4c83-a087-3c294d93a490,692.7174747,277.0869899,518.2294584,12.03252235,7855.468092,3.895172069,225.1878251,518.2294584,3142.187237,426.9236949,631.0390875,5873.734519,3.768914313,10555.36646,4.023473315,168.3786995,302.5841347,426.9236949,631.0390875,2349.493807,4222.146582,TRUE,TRUE,18813.43569,14067.28731,25279.55122
mn_mono,fcidump.59_5_16_noncan_0.2_new,de3ea361-c2d3-4ab6-add4-ccd43cea6aa8,5_16,1,5,14,16,7.483184264,,079889f3-1444-4015-9ab9-deb0a3384ba1,0.006909722,153.8239479,0.791671753,-1321.593489,154,-1321.593489,0.127870165,0.005133851,10,-1321.593612,3.18904E-05,71,1.851258349,65,77,079889f3-1444-4015-9ab9-deb0a3384ba1,0.127870165,0.255740331,0.168275312,6.699903082,0.012530896,-1.90201789,0.000503102,0.791671753,0.025061791,0.141036143,0.197917938,0.009614952,-2.017052866,0.015983771,-1.79632076,0.00038603,0.000641731,0.791671753,0.791671753,0.019229905,0.031967541,FALSE,FALSE,0.03001084,0.023027308,0.038280296
mn_mono,fcidump.60_5_16_noncan_0.2_new,6c39d3a7-c71a-4049-a8c7-3a3a4b61d8da,5_16,1,5,30,48,12.1459291,,1c5fb01c-b4a9-424d-a939-4408c96f63fe,0.997835648,192.96138,43.16692352,-1322.106866,1287,-1322.106866,98.81128489,2.996165987,20,-1322.10704,1.84845E-05,617,2.790285164,545,700,1c5fb01c-b4a9-424d-a939-4408c96f63fe,98.81128489,98.81128489,9.921202914,9.847976747,10.88745563,1.036926398,0.330130554,43.16692352,10.88745563,7.74082071,12.76997609,7.503439977,0.875260413,15.89882489,1.201365026,0.227520082,0.48208581,43.16692352,43.16692352,7.503439977,15.89882489,FALSE,FALSE,26.07488744,17.97034674,38.076855
mn_mono,fcidump.61_3_15_af_noncan_0.2_new,1ade03f3-06b1-4e95-b271-fea5a6343829,3_15_af,1,3,14,18,7.118036769,,f0ce715c-0413-4cc4-b944-8e53d3b8a61b,0.018020833,153.9645996,2.071063995,-1322.582093,370,-1322.582093,0.689689119,0.019301174,13,-1322.582234,4.80466E-05,188,2.274157849,171,206,f0ce715c-0413-4cc4-b944-8e53d3b8a61b,0.689689119,1.061060184,0.534694564,7.968601583,0.090473575,-1.04347825,0.002531932,2.071063995,0.139190115,0.442366562,0.641984454,0.068082663,-1.166963466,0.119028199,-0.924350136,0.001905315,0.003331043,2.071063995,2.071063995,0.104742558,0.183120307,FALSE,FALSE,0.216679485,0.163054421,0.285066319
mn_mono,fcidump.62_3_15_af_noncan_0.2_new,ff0da1e2-2c76-4589-aefa-c13bb1a1ef8f,3_15_af,1,3,31,50,12.33448454,,7468274e-1270-4c7d-b92b-9898b33603a4,0.997800926,178.726841,28.29206848,-1322.661401,966,-1322.661401,46.74315536,1.407957134,14,-1322.661962,2.45938E-05,723,2.859138297,695,752,7468274e-1270-4c7d-b92b-9898b33603a4,46.74315536,66.77593623,15.84845906,10.06877659,19.59753905,1.292201538,0.59030022,28.29206848,27.99648435,14.64468575,17.14534107,17.40768664,1.24074106,22.05160316,1.343440168,0.524339369,0.664219429,28.29206848,28.29206848,24.86812377,31.50229023,FALSE,FALSE,46.93508218,41.69050008,52.81243752
mn_mono,fcidump.63_5_15_af_ts_noncan_0.2_new,a9c90f98-6557-44d2-9ca0-0c9122f4080c,5_15_af_ts,1,5,14,18,7.118036769,,a5089352-7a01-43f5-9640-cc4d173ab7e5,0.007280093,153.9031944,0.761100769,-1322.594266,140,-1322.594266,0.140104,0.005425108,16,-1322.594438,2.84342E-05,75,1.875061263,71,80,a5089352-7a01-43f5-9640-cc4d173ab7e5,0.140104,0.175130001,0.218428154,6.771311826,0.021540224,-1.666749781,0.000834081,0.761100769,0.02692528,0.195750458,0.2485227,0.018274331,-1.738158525,0.026141854,-1.58266361,0.000707619,0.001012265,0.761100769,0.761100769,0.022842913,0.032677318,FALSE,FALSE,0.051587712,0.043766067,0.062608375
mn_mono,fcidump.64_5_15_af_ts_noncan_0.2_new,a16168e2-98cd-430d-a180-84f64b4d5e75,5_15_af_ts,1,5,31,50,12.33448454,,07f969b9-648f-4e38-bc74-7436a2b1ebae,0.296423611,162.4386292,11.46481705,-1322.651797,659,-1322.651797,26.68944592,0.76183163,20,-1322.651998,3.20448E-05,340,2.531478917,311,373,07f969b9-648f-4e38-bc74-7436a2b1ebae,26.68944592,26.68944592,3.051786402,9.085798445,3.665388941,0.564120065,0.104625972,11.46481705,3.665388941,2.553389556,3.672941093,2.805204204,0.447964481,4.839603804,0.684809809,0.080072599,0.138143117,11.46481705,11.46481705,2.805204204,4.839603804,FALSE,FALSE,8.778415022,6.718317517,11.59059828
mn_mono,fcidump.65_5_15_af_noncan_0.2_new,590c2f0b-964b-4d09-96ad-101a9be59cab,5_15_af,1,5,14,18,7.118036769,,32fedc5d-c0e8-4346-8031-a0b7929800f8,0.006678241,153.8275146,0.817821503,-1322.557207,140,-1322.557207,0.146151836,0.005582821,14,-1322.557396,2.75501E-05,73,1.86332286,65,81,32fedc5d-c0e8-4346-8031-a0b7929800f8,0.146151836,0.208788338,0.222355652,6.736096616,0.020719952,-1.68361125,0.000791477,0.817821503,0.029599932,0.176290605,0.273761575,0.014627168,-1.834839761,0.028305786,-1.548124774,0.00055874,0.001081246,0.817821503,0.817821503,0.020895954,0.040436838,FALSE,FALSE,0.049623203,0.035031302,0.06779088
mn_mono,fcidump.66_5_15_af_noncan_0.2_new,6e617348-d0b3-4b6d-9923-ea54ba5cf751,5_15_af,1,5,31,50,12.33448454,,0f454426-efd4-4fb5-be89-fb36b2ab7391,0.203831019,159.2774849,8.404968262,-1322.656767,544,-1322.656767,10.6672752,0.30433906,17,-1322.656929,1.33458E-05,237,2.374748346,218,258,0f454426-efd4-4fb5-be89-fb36b2ab7391,10.6672752,12.54973553,1.595272837,8.615606732,0.882067536,-0.054498162,0.025165527,8.404968262,1.037726513,1.349743565,1.890504391,0.686477458,-0.163373719,1.137930972,0.056115918,0.019585311,0.032465352,8.404968262,8.404968262,0.807620539,1.33874232,FALSE,FALSE,2.112505666,1.644077649,2.725285229
mo_n2,fcidump.9_mo_n2-_noncan_0.2_new,00ba4917-d66a-4335-819f-43390dfc9929,mo_n2-,-1,1,31,46,14.43670709,,54e97bd0-e822-41cc-9c8f-d166194df2b5,0.150451389,132.496067,11.64871979,-4800.649119,659,-4800.649119,16.46857247,0.48396831,30,-4800.649488,0.000172467,325,2.511883361,304,349,54e97bd0-e822-41cc-9c8f-d166194df2b5,16.46857247,10.97904831,2.833179503,9.027011777,1.975376098,0.295649794,0.058051142,11.64871979,1.316917398,2.47887448,3.26706837,1.616666586,0.208620462,2.446110052,0.388475992,0.047509606,0.071884782,11.64871979,11.64871979,1.077777724,1.630740035,FALSE,FALSE,4.730922554,3.871832015,5.858305783
mo_n2,fcidump.10_fecp2+_s0.5_noncan_0.2_new,b9cc699a-80f8-4280-9731-23dee4d5a6a5,fecp2+_s0.5,1,2,46,57,25.47278877,,d635b5d0-8c42-43e3-91ae-3944f502a24a,0.223402778,199.0251312,44.41334152,-1647.15866,878,-1647.15866,178.1808856,5.195646407,51,-1647.174167,0.039377425,8389,3.923710194,7306,9668,d635b5d0-8c42-43e3-91ae-3944f502a24a,178.1808856,69.87485709,4054.570034,13.43388841,155420.4452,5.191508149,4531.965788,4054.570034,60949.19419,3075.273553,5385.148713,102663.6189,5.011416569,237896.1921,5.376387491,2993.608775,6936.908478,3075.273553,5385.148713,40260.2427,93292.62437,FALSE,TRUE,372223.8466,245874.0038,569748.9518
mo_n2,fcidump.11_fecp2_s0_noncan_0.2_new,dfd78a05-437d-4667-88d7-7e2a3384b816,fecp2_s0,0,1,46,58,25.25342882,,24b2ff04-062c-4d4f-a0be-42603c786da7,0.505520833,262.2733002,109.8369827,-1647.341376,1416,-1647.341376,413.8907405,11.9782204,41,-1647.349136,0.007340507,7302,3.863441829,6912,7717,ccbd808b-78b4-4792-9d1b-86a462cda47f,413.8907405,201.8979222,2920.826395,13.25308332,56757.26196,4.754021436,1642.585655,2920.826395,27686.46925,2617.155615,3262.263882,48140.11672,4.682507139,66994.85497,4.826041451,1393.200842,1938.867097,2617.155615,3262.263882,23482.98377,32680.41706,FALSE,TRUE,135930.6772,115293.0646,160449.1776
mo_n2,fcidump.12_mo_n2_noncan_0.2_new,35c1aee4-4ef3-4e18-bc2a-377cf45e8fa1,mo_n2,0,2,30,45,13.72586338,,0fbb2511-ad12-46b3-a565-a56169f0f645,0.19462963,137.3883018,16.82131195,-4800.625358,798,-4800.625358,24.99279652,0.73409619,30,-4800.625724,0.000219827,393,2.59439255,352,439,0fbb2511-ad12-46b3-a565-a56169f0f645,24.99279652,16.66186435,4.079802906,9.260298906,2.98527147,0.47498383,0.087684322,16.82131195,1.99018098,3.272950289,5.090765856,2.145033948,0.33143417,4.161019395,0.61919974,0.063004604,0.122218755,16.82131195,16.82131195,1.430022632,2.77401293,FALSE,FALSE,7.149569211,5.137244241,9.965424066
mo_n2_pincer,fcidump.16_ts_1over4a_noncan_0.2_new,aaae8d93-cb88-41ee-8f11-c70cc9b0d7fb,ts_1over4a,-1,4,55,73,29.41186203,,aa41ab08-5b43-4932-b779-576d3b30e7d5,0.54630787,210.6936264,55.95632935,-2928.518981,878,-2928.518981,457.6178782,12.82295572,63,-2928.533864,0.007790056,5786,3.762378429,4706,7169,d0a4f650-df50-4f8f-996e-22d8132d5385,457.6178782,145.2755169,2430.060267,13.02749798,130964.842,5.117154723,3669.778762,2430.060267,41576.14031,1607.548304,3730.588496,70465.28355,4.847975204,249112.3029,5.396395177,1974.514664,6980.400423,1607.548304,3730.588496,22369.93129,79083.27076,TRUE,TRUE,313653.9546,168760.6728,596610.951
mo_n2_pincer,fcidump.18_I_noncan_0.2_new,db75bf65-181b-40c2-b978-26453437c2b0,I,-1,2,55,73,29.41186203,,a3b46400-de68-4ca9-b4f1-c36de160595d,0.471666667,195.8990822,40.94405746,-2928.435748,725,-2928.435748,391.8073879,11.0179809,83,-2928.452995,0.058875508,5418,3.733839001,4693,6279,628734d7-fa0d-42f0-a44d-0cf57de43ef8,391.8073879,94.41141878,2286.614043,12.94187969,163521.779,5.213575603,4598.381482,2286.614043,39402.8383,1715.599746,3071.113245,106269.898,5.026410264,254524.768,5.40573005,2988.406402,7157.468487,1715.599746,3071.113245,25607.20434,61331.2694,TRUE,TRUE,391626.1177,254510.8539,609573.5222
mo_n2_pincer,fcidump.20_rc_noncan_0.2_new,b628f4be-582f-4f23-96eb-c8b9e0005e4a,rc,0,1,31,44,15.26695601,,f52d6a66-854c-492d-aa3f-6e61a6544321,0.170451389,248.8469429,13.55577087,-2928.270942,725,-2928.270942,18.51867654,0.550857545,28,-2928.27123,9.88973E-06,330,2.51851394,312,348,f52d6a66-854c-492d-aa3f-6e61a6544321,18.51867654,13.2276261,2.808510722,9.046903513,1.746375967,0.242137746,0.051947793,13.55577087,1.247411405,2.510483634,3.123249609,1.475909433,0.169059709,2.048017476,0.311333658,0.043902481,0.060920438,13.55577087,13.55577087,1.054221024,1.462869626,FALSE,FALSE,4.182479204,3.534725986,4.904894861
mo_n2_pincer,fcidump.21_rc_noncan_0.2_new,c436c481-00d1-49ec-8d0e-0a5e83a8df19,rc,0,1,45,64,22.46289987,,63e1643e-80b9-49ad-8f09-157fd7b8ab9f,0.999375,164.6810532,44.85771179,-2928.304586,966,-2928.304586,134.7396916,3.788603757,28,-2928.305393,0.00051312,778,2.890979597,660,923,63e1643e-80b9-49ad-8f09-157fd7b8ab9f,134.7396916,96.24263688,29.09658752,10.3261513,70.38870267,1.847502961,1.979185941,44.85771179,50.27764476,20.93971346,40.95305131,42.97302999,1.633195976,117.5355579,2.070169273,1.208313459,3.304858804,44.85771179,44.85771179,30.69502142,83.95396989,FALSE,FALSE,168.5772656,102.9181618,281.4915206
mo_n2_pincer,fcidump.22_pc-_noncan_0.2_new,349e9cbe-d675-411f-b6b8-be846c27902c,pc-,-1,4,55,73,29.41186203,,31af5376-4089-4b06-91c3-7b7628241ac7,0.235162037,184.6761322,29.31369019,-2928.425704,599,-2928.425704,182.8640996,5.361476929,64,-2928.433512,0.003464622,2674,3.427161403,2458,2912,205815fb-a181-4ff6-9ca6-c548d25101a3,182.8640996,57.14503114,584.1705441,12.0218469,16267.9262,4.211332194,476.966836,584.1705441,5083.726938,493.6061997,692.7867773,12635.53458,4.101593621,21009.80864,4.322422097,370.4670695,615.9962755,493.6061997,692.7867773,3948.604555,6565.565199,TRUE,TRUE,38960.83337,30261.44519,50317.39407
mo_n2_pincer,fcidump.23_pc-_noncan_0.2_new,3eccbccf-e84a-44b9-b775-cef772cd84f0,pc-,-1,4,69,93,36.69890733,,07ba16f9-bea3-4d6d-bb59-cd3a23be0fa0,0.429826389,191.6162338,35.85126114,-2928.459898,494,-2928.459898,304.4829827,9.634552773,77,-2928.477934,0.013177115,4152,3.618257345,3949,4368,67f57ccb-f27d-4144-bf67-9e1a70da0f18,304.4829827,79.08648901,2532.591992,12.69362113,180781.5947,5.257154213,5720.35192,2532.591992,46956.25836,2290.998512,2802.952893,155540.5319,5.19184358,210489.3212,5.323230068,4921.665735,6660.373777,2290.998512,2802.952893,40400.13815,54672.55096,TRUE,TRUE,432962.4747,372511.4479,504110.9277
mo_n2_pincer,fcidump.24_ts_1over2_noncan_0.2_new,4c240146-6b8b-4fa5-88e4-41cbd39c8ac3,ts_1over2,0,1,31,44,15.26695601,,7849acf8-d4cd-43b3-b3c4-b3e207ebc69c,0.117881944,129.6263237,8.708137512,-2928.212682,544,-2928.212682,11.32937954,0.326788148,30,-2928.213047,0.000157296,264,2.421603927,242,288,7849acf8-d4cd-43b3-b3c4-b3e207ebc69c,11.32937954,7.552919694,2.05085678,8.756173474,1.294855207,0.112221208,0.037349206,8.708137512,0.863236805,1.723289378,2.440689061,0.997368218,-0.001144475,1.681074229,0.22558689,0.028768399,0.048489428,8.708137512,8.708137512,0.664912145,1.120716152,FALSE,FALSE,3.101110575,2.388644777,4.026084953
mo_n2_pincer,fcidump.25_ts_1over2_noncan_0.2_new,c582e543-075c-4fa1-b189-5e7455286d82,ts_1over2,0,1,45,64,22.46289987,,75c6a42d-661d-441b-860a-8b007586b5f3,0.99931713,164.1843376,44.05762863,-2928.263097,966,-2928.263097,152.4456314,4.341173631,30,-2928.264618,0.000414158,1299,3.113609151,1217,1387,75c6a42d-661d-441b-860a-8b007586b5f3,152.4456314,101.6304209,79.66822976,10.99403997,370.6901596,2.569011057,10.55609355,79.66822976,247.1267731,69.92750315,90.82800751,304.8283384,2.484055339,451.2456074,2.654412987,8.680555373,12.85006014,69.92750315,90.82800751,203.2188923,300.8304049,FALSE,FALSE,887.7835663,730.0479454,1080.709655
mo_n2_pincer,fcidump.26_pc_noncan_0.2_new,3fa3940d-8a68-44ae-9223-7346404651e6,pc,0,1,31,44,15.26695601,,2ca99288-f518-42a5-810e-997fd66de092,0.437118056,156.40448,36.50202179,-2928.279561,1287,-2928.279561,51.70241803,1.508097732,19,-2928.279898,0.000168525,620,2.792391689,608,633,2ca99288-f518-42a5-810e-997fd66de092,51.70241803,54.42359793,8.471166253,9.868536762,5.780298715,0.761950283,0.168604404,36.50202179,6.084524963,8.146423522,8.830133025,5.451122626,0.736485952,6.151575295,0.788986344,0.159002731,0.179434098,36.50202179,36.50202179,5.738023817,6.475342416,FALSE,FALSE,13.84351344,13.05515391,14.73270145
mo_n2_pincer,fcidump.27_pc_noncan_0.2_new,eadd62e9-ee3d-4193-94de-7735a529edce,pc,0,1,45,64,22.46289987,,0c156b7f-f585-4434-8940-200451492e3e,0.999606481,165.2022781,45.68563461,-2928.310577,966,-2928.310577,138.1448914,4.13614213,30,-2928.312256,0.000943856,1463,3.165244326,1430,1498,0c156b7f-f585-4434-8940-200451492e3e,138.1448914,92.0965943,104.7886056,11.14894549,479.884175,2.681136429,14.36802428,104.7886056,319.9227834,100.1146156,109.8623883,448.1377844,2.651411563,515.1561517,2.71193889,13.41751802,15.42408873,100.1146156,109.8623883,298.7585229,343.4374345,FALSE,FALSE,1149.297529,1073.266581,1233.77207
mo_n2_pincer,fcidump.28_2_noncan_0.2_new,b900c4a3-fe87-4df7-96b7-2767ccdc1d56,2,0,1,31,44,15.26695601,,684f03ca-be28-43ea-918a-7c73cf26d565,0.98224537,189.0890694,70.40603638,-2928.309214,1714,-2928.309214,114.1257334,3.50416504,24,-2928.309609,0.000245774,854,2.931457871,829,881,684f03ca-be28-43ea-918a-7c73cf26d565,114.1257334,95.10477782,17.47849368,10.28573531,14.11642551,1.149724741,0.433436731,70.40603638,11.76368792,16.47014117,18.6011621,12.9126304,1.11101472,15.4981141,1.190278854,0.396474894,0.475860684,70.40603638,70.40603638,10.76052533,12.91509508,FALSE,FALSE,33.8081016,30.92507521,37.11717359
mo_n2_pincer,fcidump.29_2_noncan_0.2_new,7fc4c1d7-3469-40a3-9cd8-4354b6acf01d,2,0,1,45,64,22.46289987,,989e25bb-9396-4a51-a43f-8b9184b253da,0.999606481,164.7626953,45.02159119,-2928.342719,966,-2928.342719,147.7476757,4.28599844,30,-2928.346311,0.001611879,3503,3.544440137,3113,3953,989e25bb-9396-4a51-a43f-8b9184b253da,147.7476757,98.49845047,592.0342908,12.28653293,7045.465461,3.84790969,204.3812455,592.0342908,4696.976974,467.5465198,753.9112361,4944.54849,3.69412664,10124.40993,4.005369721,143.4359425,293.6980563,467.5465198,753.9112361,3296.36566,6749.606622,FALSE,TRUE,16873.5217,11841.93532,24247.43286
mo_n2_pincer,fcidump.30_4a_noncan_0.2_new,09b81c3d-aee1-4bc3-98ce-a72da477b108,4a,0,4,25,37,11.55005768,,a3faa98b-4b4c-4685-a2c9-0d8b7c73fa7a,0.029895833,124.002655,2.886013031,-2623.098488,305,-2623.098488,0.751295429,0.027803958,15,-2623.098635,0.000225591,135,2.130333768,127,143,a3faa98b-4b4c-4685-a2c9-0d8b7c73fa7a,0.751295429,1.001727239,0.565413464,7.788941314,0.065149717,-1.186087466,0.002411062,2.886013031,0.086866289,0.500387038,0.63441097,0.054240339,-1.265677609,0.077431797,-1.111080659,0.002007328,0.002865598,2.886013031,2.886013031,0.072320451,0.103242397,FALSE,FALSE,0.156030169,0.129902777,0.18544511
mo_n2_pincer,fcidump.31_4a_noncan_0.2_new,87d59f7c-e397-42dc-aa6e-00200d8697aa,4a,0,4,39,57,18.73792314,,be1cf726-90ca-4e92-b552-1a1660d9c784,0.999571759,181.2168121,62.10669327,-2623.16628,1287,-2623.16628,135.7847351,3.981914703,25,-2623.166615,0.000170466,609,2.784617293,564,657,be1cf726-90ca-4e92-b552-1a1660d9c784,135.7847351,108.6277881,13.90643782,9.944916485,14.38689873,1.157967187,0.421898703,62.10669327,11.50951898,11.92722799,16.18497572,11.42753659,1.057952621,18.06389571,1.256811417,0.335114812,0.52972738,62.10669327,62.10669327,9.142029274,14.45111657,FALSE,FALSE,34.45587084,27.36835313,43.26208652
mo_n2_pincer,fcidump.17_ts_1over4a_noncan_0.2_new,5547bb48-fac6-4426-91ad-c4853ce421aa,ts_1over4a,-1,4,70,93,37.65319448,,8c52422b-88b4-4120-839f-0ad4d53aa840,0.793055556,255.1817169,101.4695091,-2928.600285,900,-2928.600285,1659.220893,18.35011774,65,-2928.619858,0.016057372,9937,3.99725529,9343,10577,4d499562-8447-4c9f-951d-0b4b77f8a64c_900_ge,1659.220893,420.0559223,12369.75563,13.83686391,2233276.772,6.348942549,24698.87637,12369.75563,565386.5245,10935.11207,14014.43357,1856246.834,6.268635726,2693172.632,6.430264192,20529.12189,29785.08473,10935.11207,14014.43357,469935.9073,681815.8561,TRUE,TRUE,5348581.195,4445614.191,6450007.753
mo_n2_pincer,fcidump.19_I_noncan_0.2_new,ab482d50-9a85-48d9-aa17-83dcbb38614b,I,-1,2,69,93,36.69890733,,83c149e4-d01c-4699-a4c2-f8c557d5007e,0.462048611,249.1998787,95.01947403,-2928.481624,900,-2928.481624,939.2833273,10.44304785,55,-2928.503719,0.020949082,8793,3.944137073,7630,10172,776f7932-7fce-448d-8fa2-46afc9a7d1a1_smallest_energy,939.2833273,341.5575736,9069.884353,13.67126031,875951.9921,5.942480305,9738.923608,9069.884353,318527.9971,6829.307676,12137.8092,572324.9764,5.757642699,1356088.833,6.13228814,6363.167473,15077.13399,6829.307676,12137.8092,208118.1732,493123.212,TRUE,TRUE,2097859.259,1370688.418,3247761.909
mo2_n2,fcidump.13_1_lut_ts_noncan_0.2_new,e3a07092-d1e5-4867-a4d7-d0258f9df6db,1_lut_ts,1,1,69,90,37.57412257,,a2591f3c-0662-486e-a815-a59e077aadd2,0.889236111,241.8801765,87.84519196,-4269.902167,760,-4269.902167,1208.713387,20.66848108,80,-4269.911341,0.001949789,836,2.922206277,653,1081,463dc51e-22db-485e-9300-75ef4ea258a1,1208.713387,302.1783468,106.2926823,10.60546792,1608.797519,3.206501388,27.50974832,106.2926823,402.1993796,64.8510742,177.7224123,766.6940612,2.884622099,3478.240737,3.541359637,13.11013998,59.47642644,87.84519196,177.7224123,191.6735153,869.5601843,TRUE,FALSE,3852.986008,1836.192222,8330.204852
mo2_n2,fcidump.14_1_lut_prod_noncan_0.2_new,138733f0-08f5-4077-b848-813c8ec53c79,1_lut_prod,1,1,70,90,38.47409933,,935d1733-8526-419e-a17a-a10210a368de,0.965185185,244.8786736,90.60428238,-4269.933381,747,-4269.933381,1313.324337,22.45020275,80,-4269.950229,0.007567354,789,2.897077003,483,1343,e12b67e0-0820-4d1c-a537-ccee60307f64,1313.324337,328.3310842,101.0791376,10.53632905,1547.537552,3.189641196,26.45388564,101.0791376,386.8843881,37.87928588,292.8596551,355.0189858,2.550251579,7631.997593,3.882638225,6.068758484,130.4627414,90.60428238,292.8596551,88.75474644,1907.999398,TRUE,FALSE,3706.27159,850.2519236,18278.23552
mo2_n2,fcidump.15_1_lut_react_noncan_0.2_new,79b74ad4-afa8-458f-87a3-a5ec339056c6,1_lut_react,1,1,69,90,37.57412257,,c9a4fb07-4a9b-4880-8367-49946c7433ca,0.470023148,213.2300873,58.47601318,-4269.905647,604,-4269.905647,587.9878887,10.61401771,80,-4269.91982,0.006897747,895,2.951823035,856,936,9b0abad4-9b29-4dd0-93b2-2a712e9a7abd,587.9878887,146.9969722,128.3955431,10.6943182,1913.05154,3.281726671,34.53330131,128.3955431,478.2628851,117.4495636,140.428603,1673.704789,3.223678859,2188.190413,3.340085111,30.21275202,39.4999493,117.4495636,140.428603,418.4261972,547.0476033,TRUE,FALSE,4581.658495,4008.43553,5240.601721
ru_macho,fcidump.7_melact_0.2_old.5dbed2ac-f9a4-4afe-9b18-f67378a51fb2,b164af91-a758-445c-8e78-610ffd2ad795,melact,0,1,9,12,4.26867156,,863f19af-d5e4-4438-bc27-d5923faafeb7,0.000810185,153.798645,0.401023865,-380.9018386,17,-380.9018386,0.010502074,0.001058586,12,-380.9018802,9.16429E-05,9,0.954242509,8,11,863f19af-d5e4-4438-bc27-d5923faafeb7,0.010502074,0.017503457,0.112397692,3.816970038,0.001558317,-2.80734416,0.000157075,0.401023865,0.002597195,0.088808053,0.167902725,0.001094456,-2.960801727,0.002845158,-2.545893633,0.000110319,0.000286786,0.401023865,0.401023865,0.001824093,0.00474193,FALSE,FALSE,0.003732088,0.002621165,0.006814004
ru_macho,fcidump.8_melact_0.2_old.587f69a8-4295-4d6d-811e-0eacfbc5f6dd,28bd4997-c04c-4914-9984-0101713041fe,melact,0,1,14,22,5.576041733,,43d2f1ce-bea3-4e55-8360-6fc705864bc5,0.002650463,153.8219833,0.586658478,-380.888006,33,-380.888006,0.028926579,0.002642656,13,-380.8881748,7.56243E-05,17,1.230448921,13,21,43d2f1ce-bea3-4e55-8360-6fc705864bc5,0.028926579,0.044502429,0.155688063,4.8374748,0.003954595,-2.402897986,0.000361281,0.586658478,0.006083992,0.0910425,0.237572441,0.00176842,-2.752414693,0.007454408,-2.127586866,0.000161558,0.000681015,0.586658478,0.586658478,0.002720645,0.011468319,FALSE,FALSE,0.009471048,0.004235272,0.017852917
ru_macho,fcidump.1_ru_macho_noncan_0.2_new.496aaf89-2cdf-43cf-8b25-246e915cc8b5,6346b7fe-a4a5-4b10-a79b-706d4339923e,ru_macho,0,1,33,44,17.26050825,,f8bc1bee-1ec4-4ddb-98d6-67e92cd6bc8f,0.997592593,185.5822411,35.47720337,-2021.355912,1063,-2021.355912,125.8982234,3.567532749,54,-2021.356652,5.53478E-05,791,2.898176483,737,851,f8bc1bee-1ec4-4ddb-98d6-67e92cd6bc8f,125.8982234,46.62897162,19.64426642,10.21304339,51.87394276,1.714949258,1.469933289,35.47720337,19.21257139,17.0536688,22.73746108,41.95872391,1.622822272,64.59642574,1.810208488,1.188969293,1.830445721,35.47720337,35.47720337,15.54026812,23.92460213,FALSE,FALSE,124.2353829,100.4889517,154.7050649
ru_macho,fcidump.3_ts_ru_macho_co2_noncan_0.2_new.0d7e4a74-fd11-46e3-ba22-044a7ebc54c7,68db6781-dd54-43c4-b667-7b754c4d5cdb,ts_ru_macho_co2,0,1,23,32,11.37998959,,d63dfeb6-5e42-4ce8-b717-bd40dd380dd4,0.017719907,153.8801651,1.328304291,-2208.990286,154,-2208.990286,0.308299709,0.013696123,18,-2208.990491,7.16354E-05,68,1.832508913,65,71,d63dfeb6-5e42-4ce8-b717-bd40dd380dd4,0.308299709,0.342555232,0.258984611,6.859254574,0.026542247,-1.57606231,0.001179131,1.328304291,0.029491386,0.236637107,0.282340274,0.023182006,-1.634848978,0.030212454,-1.519814002,0.001029854,0.001342179,1.328304291,1.328304291,0.025757785,0.033569393,FALSE,FALSE,0.063567295,0.055519694,0.072357248
ru_macho,fcidump.4_ts_ru_macho_co2_noncan_0.2_new.e5e63f77-dbaa-431c-a53f-93c0f4c0758d,d3ecd428-ee03-4d8b-aa14-af4d935781ed,ts_ru_macho_co2,0,1,45,62,23.18989859,,4ab765e9-ec4e-488b-af97-525f78c8e5ca,0.997916667,177.3365326,27.07784271,-2209.161354,659,-2209.161354,132.28729,3.926013839,61,-2209.16358,6.12728E-05,1235,3.091666958,1177,1296,4ab765e9-ec4e-488b-af97-525f78c8e5ca,132.28729,43.37288197,95.09926212,10.92821339,870.6883806,2.939862749,25.84023477,95.09926212,285.4716002,86.37661046,104.7256911,753.6874167,2.877191265,1006.18278,3.002676881,22.36788756,29.86142901,86.37661046,104.7256911,247.1106284,329.8959936,FALSE,FALSE,2085.253184,1805.041988,2409.755193
ru_macho,fcidump.5_ts_ru_macho_melact_noncan_0.2_new.d7bea809-6e34-49f8-8daf-8d728dd18268,89253c8f-0f01-4046-a138-1bada22f0a6a,ts_ru_macho_melact,0,1,21,28,10.72312904,,46bcecc2-b4a3-4112-95db-2cf1eee4cc03,0.010590278,153.9650421,1.058738708,-2402.040307,85,-2402.040307,0.144726414,0.008393848,17,-2402.040507,1.48791E-05,39,1.591064607,36,42,46bcecc2-b4a3-4112-95db-2cf1eee4cc03,0.144726414,0.170266369,0.222884647,6.095413116,0.013979281,-1.854515156,0.000810771,1.058738708,0.016446213,0.189913545,0.258493437,0.010995083,-1.958801474,0.017459785,-1.757961106,0.000637693,0.001012633,1.058738708,1.058738708,0.012935392,0.020540924,FALSE,FALSE,0.033479648,0.02633265,0.041815273
ru_macho,fcidump.6_ts_ru_macho_melact_noncan_0.2_new.73ae455f-a729-4fac-a626-5654b03c1ef5,842d2152-2f91-4dce-b088-7ed26afb2381,ts_ru_macho_melact,0,1,42,56,22.18437441,,f76a72a4-532e-4e1e-9aa9-2a55caed341d,0.997962963,174.8921852,24.48418427,-2402.21677,659,-2402.21677,121.571666,3.463471595,67,-2402.219495,9.80267E-05,1543,3.188365926,1476,1614,f76a72a4-532e-4e1e-9aa9-2a55caed341d,121.571666,36.29004956,134.229095,11.18834707,1560.536398,3.193273903,44.45833199,134.229095,465.8317607,122.8252128,146.8662043,1365.951241,3.135435197,1786.021636,3.251886716,38.91476918,50.88221135,122.8252128,146.8662043,407.7466391,533.1407869,FALSE,FALSE,3737.403147,3271.381861,4277.428512
ru_macho,fcidump.2_co2_0.2_old.1dc29784-ab7f-45a1-9821-31fea4363d74,4357d5bb-ed2b-466a-947b-e868afb81d3d,co2,0,1,6,8,2.694605199,,c4c348aa-0911-4c04-af8c-ea2d50bea1aa,0.000219907,0.130771637,0.001472473,-187.7214198,25,-187.7214198,0.013213029,0.000643978,40,-187.721414,1.83059E-05,5,0.698970004,4,6,8050ec10-a693-49c7-860c-8ba43697e7c3,0.013213029,0.006606515,5.88989E-05,2.875061263,0.000105704,-3.975907621,5.15182E-06,0.001472473,5.28521E-05,3.76953E-05,8.48145E-05,5.41206E-05,-4.26663766,0.000182657,-3.738363883,2.63773E-06,8.90235E-06,0.001472473,0.001472473,2.70603E-05,9.13285E-05,FALSE,FALSE,0.000253156,0.000129616,0.000437454
ru_macho,fcidump.0_ru_macho_noncan_0.2_new.46aea10c-d57f-4133-9837-3c57d474d9a2,dcf2b441-b297-4a89-ae18-5778ec2d674d,ru_macho,0,1,12,16,5.866565553,,dc2860e1-5500-48b0-b2f3-92d12dd58eb4,0.000509259,156.3381119,0.277553558,-2021.175582,40,-2021.175582,0.069454068,0.003192885,40,-2021.175595,1.16669E-05,9,0.954242509,8,11,0046a6aa-0412-40e1-afa8-4eb407ca8fab,0.069454068,0.034727034,0.014051149,3.941908774,0.000791125,-3.101754759,3.6369E-05,0.277553558,0.000395563,0.011102142,0.020989988,0.000555633,-3.255212327,0.001444428,-2.840304232,2.55431E-05,6.6402E-05,0.277553558,0.277553558,0.000277816,0.000722214,FALSE,FALSE,0.001894704,0.001330711,0.003459329
ru_mono,fcidump.34_3ruo_IV_2pl_noncan_0.2_new.30c3e4f9-1b24-4fe5-9cab-ad0b67e0d74b,d937e005-3688-4138-9465-426798087395,3ruo_IV_2pl,2,3,10,10,5.266598551,,8285ea97-55b9-41c7-b3dd-60b3eda15367,0.001435185,153.7994385,0.437267303,-1796.945036,27,-1796.945036,0.017542183,0.001430564,13,-1796.945217,7.77196E-05,15,1.176091259,11,22,8285ea97-55b9-41c7-b3dd-60b3eda15367,0.017542183,0.026987974,0.134959044,4.528273777,0.003007919,-2.521733872,0.000245296,0.437267303,0.004627568,0.072577975,0.2903119,0.001186234,-2.925829593,0.009489873,-2.022739606,9.67373E-05,0.000773898,0.437267303,0.437267303,0.001824976,0.014599804,FALSE,FALSE,0.007203809,0.002840969,0.02272775
ru_mono,fcidump.35_3ruo_IV_2pl_noncan_0.2_new.a2417602-4e97-4395-b3f0-1e29262c8053,ace55695-1ca9-4153-8fd4-55ed6658cf8c,3ruo_IV_2pl,2,3,36,58,14.47541594,,945a5ed1-42e5-49fc-8b85-09c2c91175df,0.997696759,194.7604866,44.49631882,-1797.370371,966,-1797.370371,111.7542554,3.165923985,39,-1797.371453,0.000106592,1012,3.005180513,968,1059,945a5ed1-42e5-49fc-8b85-09c2c91175df,111.7542554,57.30987456,48.83496215,10.57184404,128.4914492,2.108874227,3.640077593,48.83496215,65.89305089,44.68075932,53.47634921,112.4498193,2.050958762,147.238224,2.16802057,3.18562885,4.171161297,44.68075932,53.47634921,57.666574,75.50678153,FALSE,FALSE,307.7303081,269.3114425,352.6278543
ru_mono,fcidump.37_1ru_II_2pl_noncan_0.2_new.7be1766a-b3f7-4779-9a69-f4358645831b,a475af8e-cb0b-4533-906d-a6b8eda313e7,1ru_II_2pl,2,1,34,54,14.09073153,,70a17eb0-ba4e-4ec4-aebd-3d4506d46514,0.065694444,308.5657158,3.951385498,-1723.521963,228,-1723.521963,1.22061578,0.048376155,13,-1723.522222,8.89936E-05,98,1.991226076,85,115,70a17eb0-ba4e-4ec4-aebd-3d4506d46514,1.22061578,1.877870431,0.730015126,7.505157144,0.096928762,-1.013547334,0.003841537,3.951385498,0.149121172,0.549183599,1.005253024,0.063245731,-1.198968784,0.15662748,-0.80513204,0.002506592,0.006207551,3.951385498,3.951385498,0.097301125,0.240965354,FALSE,FALSE,0.232139321,0.151470222,0.375114632
ru_mono,fcidump.32_2ru_III_3pl_noncan_0.2_new.cb60079d-5a30-4e3a-89d5-dbe95822df5e,5509795a-90ce-45d6-b03d-db956a5da5b2,2ru_III_3pl,3,2,9,11,4.502754766,,7876797c-3793-47e9-8f18-99d9a5af532b,0.000636574,1.303951263,0.246463776,-1722.886927,30,-1722.886927,0.037500976,0.001797566,40,-1722.886931,1.41571E-06,7,0.84509804,7,9,da5e1f39-9b13-490c-b881-434b483148e0,0.037500976,0.018750488,0.013418583,3.489536629,0.000476401,-3.32202707,2.28357E-05,0.246463776,0.000238201,0.013418583,0.02218174,0.000476401,-3.32202707,0.001012526,-2.994593662,2.28357E-05,4.85343E-05,0.246463776,0.246463776,0.000238201,0.000506263,FALSE,FALSE,0.001140956,0.001140956,0.002424948
ru_mono,fcidump.33_2ru_III_3pl_noncan_0.2_new.4811297e-a8df-4150-9d4d-376fd0c6e9cd,bc3520b5-bf25-4a43-892c-8d7e9a690fe2,2ru_III_3pl,3,2,34,53,14.64703403,,371af149-e89d-487e-9903-e235e6d11af4,0.004872685,159.3977203,3.029621124,-1723.021048,150,-1723.021048,2.05290039,0.071233014,40,-1723.022656,0.000328342,193,2.285557309,187,199,af6ebd07-b68a-4612-a8d4-d738c10616c5,2.05290039,1.026450195,5.015571434,8.388150844,4.372864569,0.640766027,0.151732799,5.015571434,2.186432284,4.708569826,5.332267829,3.977579967,0.59961892,4.793506596,0.680653329,0.138016929,0.166328538,4.708569826,5.332267829,1.988789984,2.396753298,FALSE,FALSE,10.47278219,9.52609622,11.48019787
ru_mono,fcidump.36_1ru_II_2pl_noncan_0.2_new.51f7d629-9a0e-4688-8562-59a5f0c0a404,dab492c3-27fe-4ac3-8c98-de2563caf66c,1ru_II_2pl,2,1,9,12,4.26867156,,8fbc333c-1de7-47ac-bd7e-e7de1ddc4716,0.000625,0.819141388,0.150554657,-1723.455357,25,-1723.455357,0.029175989,0.001647098,40,-1723.455357,1.76265E-08,7,0.84509804,6,9,24a660a8-4a13-4dfe-90d1-52100f3582ce,0.029175989,0.014587994,0.011803485,3.489536629,0.000640471,-3.193500325,3.61571E-05,0.150554657,0.000320236,0.008671948,0.019511884,0.000403329,-3.394340694,0.001361235,-2.866066916,2.27695E-05,7.6847E-05,0.150554657,0.150554657,0.000201664,0.000680617,FALSE,FALSE,0.001533895,0.000965952,0.003260087
